"category","avg","avg-2","avg-3"
"Special","93.7500000000000000","106.0568181818181818","94.4318181818181818"
"Normal","66.3456790123456790","73.3382716049382716","62.8555555555555556"
